pdb_id,Class,cidi_prob,cido_prob,codi_prob,codo_prob,wcd_prob,dfg_conf,dfg_prob,p1p1x,p2p2x,r3r3x,h_cgvc,ang_NHs,ang_CHs,dist_NH,dist_CH
AF-A0AUV4-F1-model_v2,cidi,0.999923451,1.33E-05,2.86E-05,9.88E-06,2.48E-05,di,0.999960589,0.896172995,0.995285299,0.993945216,0.970676127,-0.058119842,-0.13855179,-0.145828374,-0.06178854
AF-E9Q3S4-F1-model_v2,cidi,0.999802953,0.000116609,2.35E-05,1.62E-05,4.08E-05,di,0.999960483,0.951092107,0.999753704,0.999391184,0.943341187,-0.053825644,-0.078618242,-0.107257722,0.034149339
AF-O00141-F1-model_v2,cidi,0.999965921,5.98E-06,1.27E-05,4.39E-06,1.10E-05,di,0.999951192,0.986749305,0.983030581,0.995053309,0.990064534,-0.108716638,-0.107870443,-0.111083914,-0.124750622
AF-O00238-F1-model_v2,cidi,0.999965984,5.91E-06,1.27E-05,4.39E-06,1.10E-05,di,0.999951192,0.993677711,0.993727185,0.994208223,0.946310109,-0.118233569,-0.141165918,-0.165701263,-0.213990965
AF-O00311-F1-model_v2,cidi,0.999965918,5.98E-06,1.27E-05,4.39E-06,1.10E-05,di,0.999951192,0.985865228,0.991702752,0.996159278,0.984129871,-0.138768303,-0.071801865,-0.140513841,-0.158678304
AF-O00444-F1-model_v2,cidi,0.999965921,5.98E-06,1.27E-05,4.39E-06,1.10E-05,di,0.999951192,0.955854898,0.997213975,0.999204042,0.96375837,-0.090277819,-0.116177991,-0.100950915,-0.176015655
AF-O00506-F1-model_v2,cidi,0.999965921,5.98E-06,1.27E-05,4.39E-06,1.10E-05,di,0.999891752,0.878601381,0.864112916,0.939295986,0.946253709,-0.027660226,-0.11523799,-0.070144914,-0.169512635
AF-O08605-F1-model_v2,cidi,0.999871696,2.25E-05,4.78E-05,1.65E-05,4.15E-05,di,0.999960589,0.880327273,0.956343743,0.958664671,0.953814268,-0.10967878,-0.096831101,-0.102062508,-0.020665088
AF-O08644-F1-model_v2,cidi,0.767506281,0.001161429,0.226813068,0.003481324,0.001037898,di,0.999891751,0.778901172,0.992487334,0.979864325,0.798253446,0.187419038,0.033185658,0.061463573,-0.139243053
AF-O08648-F1-model_v2,codi,1.06E-05,6.96E-06,0.999950885,2.40E-05,7.56E-06,di,0.999939776,0.864991935,0.986717678,0.988793424,0.471830261,0.338076725,0.344721061,0.330618143,0.389245582
AF-O08901-F1-model_v2,wcd,4.52E-05,4.24E-05,1.40E-06,1.37E-05,0.999897273,other,0.999510892,-0.241876654,-0.07557615,-0.373119636,-0.272055897,-0.139545054,-0.124351403,-0.183828657,-0.202641392
AF-O08911-F1-model_v2,cidi,0.999965918,5.98E-06,1.27E-05,4.39E-06,1.10E-05,di,0.999951192,0.985349387,0.994774163,0.993960226,0.98156112,-0.12888879,-0.060286406,-0.135379137,-0.18752215
AF-O09110-F1-model_v2,codi,1.06E-05,6.96E-06,0.999950884,2.40E-05,7.56E-06,di,0.999934489,0.976218777,0.985962352,0.973890432,-0.760305643,0.857975211,0.871177458,0.80400659,0.807089024